0, 0, 37083.22019285527, [7807995.168228004, 27.12552103455792, 8157.756260126759, -4434.907351351476, 4906.448290822627]
0, 1, 61396.75955247256, [6763611.679102031, 15.556329481672446, 8535.740252302605, -6806.036329896369, 5838.451764762694]
0, 2, 90964.10930580055, [7168244.334260863, 37.485602701007934, 8299.013555008909, -3830.6513996275207, 5196.939439510057]
0, 3, 112397.96543824072, [6653535.929568644, 10.37591629694174, 8018.379535164565, -4227.416321009123, 5771.842601730708]
0, 4, 115985.27849522822, [7536384.937399954, 12.829805434742912, 7572.225570103389, -6209.468016270845, 4673.042541670796]
0, 5, 120170.36587954755, [6170024.097454899, 14.678368151377438, 7600.527548867655, -5234.062790254395, 5300.373993950831]
0, 6, 145286.1953806889, [7745260.835569021, 14.644973013734695, 8976.358977308013, -2533.024043105581, 5411.727691810014]
0, 7, 185415.26009904192, [7932732.003496173, 32.64977499558668, 6856.9777956494845, -4454.114873092188, 5135.68894892154]
0, 8, 204305.8417414635, [6345074.257115009, 35.8662764019476, 8376.514602427233, -8562.815302731156, 4663.119922628346]
0, 9, 208232.3010940706, [6204755.326177626, 18.891478525009582, 7953.032903677813, -1720.287803738518, 5117.711781460878]
0, 10, 209003.15981798756, [7212981.24984027, 24.733103722622403, 6859.456957281354, -6192.044514290058, 5145.8666090684055]
0, 11, 215084.82028142642, [7504932.458022472, 32.098746386169594, 7567.339078665927, -9199.379601197445, 5550.473753786288]
0, 12, 221951.6192131403, [6023603.231463637, 16.11337437419573, 7169.241618005819, -4752.701589053329, 4682.846473202373]
0, 13, 225174.88560275116, [6841778.921273293, 26.463550520707418, 6466.357442356225, -7676.016849587495, 4729.871147552466]
0, 14, 227538.6125281321, [6419034.091261507, 35.91049897114315, 6833.679057904821, -3367.5501580472637, 4990.379685388135]
0, 15, 228542.12871929602, [6484456.018424917, 36.60036840761044, 8245.309808087392, -9210.15055207681, 4610.274004384937]
0, 16, 236511.39335639402, [7217117.063523521, 22.70410829971835, 7200.1322809547555, -8690.501492244444, 5019.82562744593]
0, 17, 244749.76582065262, [6240591.468496556, 34.866399954287104, 6474.542306445133, -3428.750851527935, 5271.43107451893]
0, 18, 248270.52615011443, [7012642.542399311, 10.636749093747888, 5921.271165317356, -2657.3467641069556, 4920.533606620346]
0, 19, 252812.09470424525, [7608549.650116999, 35.18086983833663, 5517.281851123428, -2445.866454018391, 4976.021551257631]
0, 20, 255142.48800536362, [6637919.5387099255, 23.70021098678062, 5505.962360750464, -9092.777410012583, 5297.418362536606]
0, 21, 257187.94960333797, [7576027.324771569, 39.66138145037004, 5026.30730708256, -1626.847740996789, 4928.02398166596]
0, 22, 257373.37418679608, [7658645.133941805, 21.004102793156573, 4929.90769138226, -8346.935912105511, 5036.466238644692]
0, 23, 258571.50587710593, [7025330.330645307, 28.413061404838952, 5137.603619039603, -1215.081590822545, 4602.736976625217]
0, 24, 260605.05075437052, [7292567.629629839, 32.76118352012864, 4688.439643393612, -8945.413861421912, 4713.191282426242]
0, 25, 265787.38936964015, [7512663.316794708, 22.541681015344874, 3517.5186730801142, -3329.8351340113877, 4849.046324942109]
0, 26, 266045.1128727842, [7582984.320076019, 24.449107885066375, 3388.514679945547, -3425.0632127979097, 4568.586149177305]
0, 27, 266059.16678924684, [7997327.833246591, 16.960109043267224, 3079.129322116522, -6751.418324999956, 4170.80656503097]
0, 28, 266284.35717336443, [6472412.654421384, 18.00540484636945, 3956.0607195729117, -4657.512083070216, 5177.245552916538]
0, 29, 266779.28965607705, [7748240.850008106, 21.871602017525298, 3000.906622028698, -7640.896849486043, 4360.803580448155]
0, 30, 267307.5676192056, [6870543.2253352, 15.805164241570608, 3228.976920929129, -6067.4660208864825, 4672.081965582668]
0, 31, 267357.8223666545, [7265088.514753739, 14.079478663543505, 3023.387807196502, -7104.568107323439, 4370.376549178748]
0, 32, 269059.6414878651, [7520071.73356699, 28.401847430929706, 6584.546055003653, -8736.029460555772, 4235.2833085062375]
0, 33, 269149.0180266136, [7369488.271728076, 17.11609859670401, 7795.76056343957, -1223.886601816699, 4089.963086872818]
0, 34, 269478.1596050244, [7060140.782448811, 10.031892493873663, 6502.169993207011, -7229.609467713846, 4268.950053777139]
0, 35, 269675.11944341654, [6819586.655732736, 37.84053260112758, 3672.815408948293, -8465.940244803178, 4103.987804423234]
0, 36, 269875.0789849381, [6689303.669459494, 22.146119046055126, 5818.533019381128, 9011.76846571948, 4456.370209570245]
0, 37, 269883.8328219653, [6642037.511534695, 35.895913647754995, 7207.883972293685, 3745.254911067548, 4360.502714946859]
0, 38, 269885.4799138693, [6659183.745303395, 22.500647868674164, 8974.007022898188, -542.4898812644369, 4429.677973828999]
0, 39, 269891.1504954018, [6616208.411893502, 38.336080780635854, 7744.047228606445, -7091.857733978797, 4268.684227449716]
0, 40, 269939.21531772974, [6597197.040406587, 24.292150278277227, 5159.158199746684, 1266.1101821977263, 4411.550923323248]
0, 41, 269950.1570470625, [6591222.68588973, 15.391296606622642, 3226.98345390021, 1243.0574148657797, 4429.891699396013]
0, 42, 269968.36233227904, [6539677.789927492, 23.328130423920637, 6772.015621120256, -1083.9624591557022, 4323.585646341356]
0, 43, 269992.44421571586, [6502239.969595212, 22.27981601122878, 4161.9993549003675, -3330.866023199439, 4237.992539221647]
0, 44, 270080.23224482074, [6396748.46758787, 22.394600178806755, 5815.2991927189105, -8481.851929400405, 4155.52626241808]
0, 45, 270292.6529478077, [6197408.343136982, 39.957901693529465, 6720.746015147287, 9180.508845461161, 4313.68333264238]
0, 46, 270293.3442461436, [6187052.468042357, 29.57160708162281, 3860.142788530118, -4630.75541676877, 4258.653864254481]
0, 47, 270308.4421793012, [6167374.686411505, 36.80141346014974, 5445.674301194176, -2130.1746528899776, 4234.221446028837]
0, 48, 270404.8958465901, [6095895.2695549335, 36.559646798986265, 3078.807179620005, 820.8556738889692, 4443.705395780803]
0, 49, 271635.1229468073, [6814068.92976838, 14.488475320505305, 7325.286248405328, 286.07360498053094, 4677.133651228239]
0, 50, 302004.5948764314, [7981725.901968661, 37.89703013445464, 7892.009453497076, 3054.545938692998, 5247.6787859822725]
0, 51, 310968.18581457867, [6956242.694294887, 27.976131307640493, 6388.617737124867, -557.7020135120965, 5078.736641374791]
0, 52, 315644.15263597184, [7818465.043393231, 30.29813920526044, 7378.92630087174, 3491.286941962064, 5241.38989732693]
0, 53, 319756.04318292707, [7170414.87686445, 38.47242107033066, 6236.807058069546, 339.9749058772268, 4710.9891591786045]
0, 54, 324725.98165296164, [7731978.966633163, 29.62253063985385, 6270.937303713312, 2478.242305526155, 4265.966547435223]
0, 55, 329442.1891360827, [7153762.7002702085, 18.246135299382104, 7501.632983346762, 4930.764132330354, 5671.835352845051]
0, 56, 332873.18844207394, [7668489.580490928, 19.3957013163621, 8799.436872801925, 9468.492657723807, 4878.145603601599]
0, 57, 334700.254601321, [7446869.815712346, 11.357338174960066, 6784.539446213001, 5033.1267755665995, 4668.240394511876]
0, 58, 336794.58644718304, [7224255.092920729, 14.949127130550764, 5843.123279073248, 361.8512670957225, 5401.114465084518]
0, 59, 339052.73009086656, [6728219.2190945875, 39.47447296976246, 8124.974953676626, 8141.005228043945, 5669.917409116735]
0, 60, 339876.9959023058, [6913770.919625961, 16.527814305806935, 6977.76609881008, 6202.316336581473, 4762.531725086603]
0, 61, 340448.57537345105, [7769637.643170542, 16.028573021571823, 7872.600473528024, 9355.34203708158, 4493.783440403078]
0, 62, 340564.6570605671, [7493272.671238345, 26.12000649176525, 6031.738226754802, 2611.3547259463066, 5673.57448283269]
0, 63, 341900.86941845587, [6216887.2915444765, 17.95080126251202, 8124.847644034841, 9649.569641613973, 4698.173761139895]
0, 64, 345358.89744940907, [6606305.250299639, 25.14169289916115, 5783.29149984229, 304.8049318468202, 5031.903622320266]
0, 65, 347752.1505401118, [7481050.826339533, 33.40680431121298, 7463.941616476368, 8891.416582723516, 5943.205528856207]
0, 66, 349580.50015332736, [6391919.181245944, 39.20908619917708, 5780.094469486416, 3645.9073768948783, 4595.72957645613]
0, 67, 351436.1283635429, [6727894.762419949, 32.54928775307694, 6354.571816769505, 5711.344325639602, 5986.666951763798]
0, 68, 351439.24927639, [7608285.951847863, 36.04000534134323, 6872.322551157016, 9132.27343149497, 5288.139785647979]
0, 69, 352473.94747665426, [6014644.270812354, 18.191003368905566, 6122.585489742957, 5244.278451192815, 5248.102841954824]
0, 70, 352538.41427322634, [7335525.828952035, 12.627028806756648, 6837.2362050796255, 9058.428182499862, 5385.772334239651]
0, 71, 353704.7128384196, [6905290.838638706, 35.20359676708466, 6102.658741899226, 6152.622476856555, 5644.321947217313]
0, 72, 354001.582006813, [7726036.641984572, 23.902788949460522, 5152.520391939523, 2048.953392240577, 5045.552038413636]
0, 73, 354440.35976997914, [7421876.411830914, 12.249249815754972, 6326.1018420701075, 9092.135028392502, 4530.243057453876]
0, 74, 355111.271486466, [6557912.8361463, 35.193685467677625, 5998.91859101061, 7196.911543598395, 4606.485735370251]
0, 75, 357481.66085725214, [7670377.706534624, 31.541991940888547, 6021.389866149048, 9073.528001387578, 4789.4553079861635]
0, 76, 361652.520341986, [7109795.519407995, 31.017258038735488, 5680.195277231662, 8408.897892279354, 5478.796205131484]
0, 77, 363786.1700624844, [7860872.377277081, 12.952708016603394, 4919.380636998299, 8337.30672371883, 4275.806545116819]
0, 78, 365139.93394299404, [7076927.581411463, 24.218265598475273, 4642.5735528899495, 2203.7289099958434, 4848.987828097461]
0, 79, 365454.75271403976, [7974253.463226627, 28.672431183299395, 4884.979669872727, 9810.034790957834, 4304.163802584207]
0, 80, 366049.66447571636, [7981585.510488045, 27.63881069533493, 4595.199297538697, 7078.485093181738, 5451.522731692287]
0, 81, 369132.30635361426, [6544814.099245224, 38.88448157603689, 4675.40043346415, 8567.40199890671, 5385.442272049391]
0, 82, 371007.37568351504, [7696279.9936786, 14.026362671949032, 3938.1658946688135, 8924.77005422676, 4830.966993141549]
0, 83, 371869.1599203767, [7768464.95793234, 24.146347554328393, 3531.430386557103, 3415.950503582708, 4447.257703358379]
0, 84, 372234.93695907295, [7206232.019205931, 34.801213217534944, 3772.65330135527, 8518.417343717578, 4497.277906121799]
0, 85, 372601.5717594171, [7177537.692060981, 18.940124417190372, 3661.982815613378, 2247.091437680854, 4951.23730748105]
0, 86, 373154.1983646721, [7165012.41546156, 21.42884292796519, 3601.7484287407974, 2041.636822268727, 5216.703047996052]
0, 87, 374012.71717776655, [7545060.54671973, 22.157216688791074, 3189.912379446743, 2736.7604969780386, 5669.3474733775]
0, 88, 374094.11876364093, [7553949.5547631895, 32.91933666908357, 3263.0051730867795, 9679.427412792265, 5596.95792324192]
0, 89, 374102.1955060767, [6542361.519858234, 24.710350817760975, 3500.95375383134, 6843.860088011839, 5200.42640565334]
0, 90, 374253.12401057995, [6427528.98394017, 22.74027881710869, 3512.029152592075, 7063.274597208925, 4942.215807044283]
0, 91, 387121.80623063183, [7226604.339650681, 18.42366670673139, 3457.2307820689725, 1388.762297080526, 5331.261195516073]
0, 92, 399839.5119564948, [6219972.01238048, 22.216312450876426, 3711.174838332062, 2048.0098708177375, 4844.334492423039]
0, 93, 433162.33401751774, [7815259.189241771, 15.655709265507074, 3211.3822306720244, 927.0847934706962, 5266.0002666220935]
0, 94, 440483.02078665304, [6417520.980729958, 21.46609097067804, 3887.8189928515385, 1467.787114807732, 4691.385149701996]
0, 95, 540940.9047721276, [7472200.8409234695, 24.95708496687091, 6932.276030791381, -6420.168232132686, 4922.400218933036]
0, 96, 541200.9437507902, [6547066.783236, 10.752044329026166, 3512.1637436194833, 7914.251177692106, 5380.684618976155]
0, 97, 544635.4168853371, [7797747.704648372, 38.19229631382669, 8006.571325766523, -2246.751392759141, 4521.617849205069]
0, 98, 548505.1058975758, [7658341.465143601, 31.653097449368296, 5912.437926915975, -2695.0569535377954, 4314.089690554994]
0, 99, 550790.3197322501, [6783067.68316232, 16.110071986114598, 8927.325540846155, 5741.528644865779, 4791.966898580856]
1, 0, 37083.22019285527, [7807995.168228004, 27.12552103455792, 8157.756260126759, -4434.907351351476, 4906.448290822627]
1, 1, 86518.21441501207, [7323305.732483598, 33.0728413855032, 7142.801381520151, -6789.651124198476, 4664.488596872606]
1, 2, 102260.89651648185, [7510872.342926781, 18.705616660080462, 7571.372351334167, -6739.672861910536, 5427.809495778426]
1, 3, 103774.10202941313, [6975445.562731574, 38.337467869899704, 7811.357854763523, -3307.0165625550017, 4629.832500227422]
1, 4, 116879.2578109122, [7134221.217413638, 35.91523211049462, 7522.752198073809, -4191.336838024936, 4825.28410983913]
1, 5, 127071.71480780398, [6561401.701280584, 32.655171976637114, 7420.185624311325, -4135.7292249792345, 5183.299712094593]
1, 6, 142406.2101149931, [7810300.056731995, 17.094700416552076, 7382.013416689788, -2811.5301488827367, 4548.434315125673]
1, 7, 143876.8799715539, [6568903.7791641345, 20.8492792870395, 8462.589736067494, -7844.827445385035, 5433.916359676017]
1, 8, 148603.8774163538, [6784563.183202576, 33.56517788607155, 7369.299354947545, -4390.127858555865, 4528.251367063124]
1, 9, 156118.56029078897, [6677526.598969894, 28.500038277363434, 8474.866830912999, -8601.893232225035, 5826.204877614827]
1, 10, 172872.0732320536, [7514994.771352911, 18.04912793747374, 7570.227048663533, -7614.858052562895, 5131.893615183733]
1, 11, 173237.08528887315, [7051789.166313156, 10.072202234531106, 7603.347364792258, -6971.917550816712, 4449.098164264104]
1, 12, 176346.84868228345, [7484307.58896946, 24.86572091451409, 6904.288318073289, -7480.082437300611, 5296.891992315332]
1, 13, 177904.25218329811, [7728232.298394423, 15.077965838282637, 7324.440907624045, -2770.0638687905675, 5117.045391210331]
1, 14, 187214.86563363197, [7238548.34882968, 35.562092002043606, 6862.472455076499, -7094.573967014157, 4977.303450416081]
1, 15, 188775.31780507512, [6231742.367637312, 27.387467150544282, 6958.649790418535, -1326.1165891440232, 4803.67861977781]
1, 16, 200373.7524522031, [7145626.983019024, 38.4046269508833, 6844.213221002969, -6871.728203131742, 4622.601332373472]
1, 17, 202533.51811592744, [6973550.261712034, 10.311842637593879, 7083.846449569425, -5764.762655567379, 5646.7109736547645]
1, 18, 213382.68430868525, [7414303.342026439, 19.294913513128396, 6761.8600680643685, -3401.532982323674, 4532.409409901312]
1, 19, 214054.33737999175, [7007680.749615916, 36.23921620221512, 6700.083617664348, -3017.687032872776, 5234.096694057946]
1, 20, 217319.41851707044, [6958230.059180527, 11.46366994667656, 6334.036103138632, -864.5883262329061, 5037.502176309235]
1, 21, 219391.72881813886, [7177017.636721751, 13.18117946495154, 6823.204142907539, -4969.71110796613, 5159.00924339721]
1, 22, 228444.0766687071, [6783413.544932505, 28.791254358237396, 7803.866657291286, -8616.00979006935, 4606.935434251971]
1, 23, 229152.853153279, [7420083.949727371, 26.172912146939424, 6587.719220530158, -5157.296967970782, 5154.631558610835]
1, 24, 231711.41588399324, [7514108.164218486, 32.79559389953488, 7551.733308331974, -9280.70341062775, 5137.57426845459]
1, 25, 239656.89490668688, [7387413.913248063, 25.77635722242293, 6286.986931353424, -5420.897912458973, 5016.200754496653]
1, 26, 240317.73074173296, [7043387.70974883, 24.56602040162347, 6108.726394431397, -8229.424334544643, 5026.175881323777]
1, 27, 241600.8833374963, [7018025.725233741, 13.874981930968907, 5911.062390877044, -993.2478744168727, 4995.205183715185]
1, 28, 241788.8280923558, [7232653.168757861, 23.189662966311655, 7282.256099615911, -8998.755649877658, 5032.357876253818]
1, 29, 244138.0398251942, [6376985.9876695825, 31.8031081227539, 8061.770126425289, -611.8878914320426, 5454.645186080384]
1, 30, 244190.32830321736, [7141606.378398168, 15.014564649996704, 6216.469910490209, -5072.407457203153, 4930.886942835938]
1, 31, 244809.7222160857, [7354254.2529788455, 31.862061891222528, 6080.511168506317, -6356.61775119971, 5028.366529501161]
1, 32, 246582.11153917204, [6180860.0837271465, 36.388589051119624, 6325.034501002452, -1990.8158852850797, 4724.273904588147]
1, 33, 246644.94531727923, [7974011.133188443, 16.626622985563902, 5707.424713371891, -6795.64507854666, 4593.85209750896]
1, 34, 247829.6557642611, [7220311.411171024, 22.605912975210455, 7052.491817005249, -8931.826584435232, 5135.629563687741]
1, 35, 249516.5790668161, [6728522.302381028, 25.42095859031971, 6158.640610104388, -6422.393063931277, 5311.128492926588]
1, 36, 251425.49386555993, [6818780.724569816, 21.756773715103627, 5829.564797021766, -6622.388178226289, 4713.015116000224]
1, 37, 253280.6408592403, [7553844.10460838, 34.69801125088559, 5503.160053552687, -2498.303639858618, 4858.7586404794]
1, 38, 253478.353834879, [6801301.374127011, 27.067873875509623, 5818.063348644611, -6673.718072420675, 5225.267818122999]
1, 39, 253632.93061000868, [7275875.097380924, 11.989402800034771, 7170.347139885962, -9257.409314280629, 5267.348187255217]
1, 40, 254503.96229763996, [6595828.206130859, 37.4302193207279, 5423.167172300288, -195.48207150128792, 4694.672629482439]
1, 41, 255036.43390790522, [7133544.436922846, 29.10345888726969, 5536.443193100636, -4015.3085534999022, 5075.210441138949]
1, 42, 255462.9259487029, [7162324.925734783, 30.75676394860959, 5376.019638103335, -1761.993805269869, 4590.808476499417]
1, 43, 255537.12361805048, [7730416.23376207, 29.297796547019658, 5376.25244210391, -5610.889466239427, 5549.441284434185]
1, 44, 256664.43586351315, [7623274.091630897, 30.12885073812125, 5170.424831306902, -2868.4983661746783, 4343.776612164668]
1, 45, 260103.36027663702, [6208013.5112179, 32.526249795580284, 5403.369017159354, -4653.280989759399, 4823.129983474964]
1, 46, 260593.96617143234, [7600495.173329941, 21.518958438003466, 4699.952394000376, -5761.518736377602, 4643.394977641218]
1, 47, 260602.2658786955, [7127160.9647369385, 17.96318485519507, 4817.2163940931005, -1845.6463912385825, 4548.050777324835]
1, 48, 261279.9857259985, [7309399.356017624, 14.831636284162713, 4692.380767761367, -6237.804881620737, 4747.848801798259]
1, 49, 261976.78209714973, [6818369.154890945, 32.418812025854, 4884.588421183957, -5240.229176811434, 4481.82000244654]
1, 50, 262092.21313837564, [6860796.947391619, 15.040462341971722, 4683.239275322547, -1164.149031645782, 4542.927596478919]
1, 51, 262921.9850244407, [7534931.51992562, 11.657936741330333, 4343.926556317377, -6363.973455663143, 4834.860782476349]
1, 52, 263171.71484720777, [6875089.852852399, 32.07320068204195, 4505.862480688403, -5802.769111805001, 4555.962027742914]
1, 53, 263790.6688384212, [7721405.869064027, 23.269078329734725, 4089.4915469339617, -9345.023083862783, 5300.361689196223]
1, 54, 264147.26111633197, [6237505.427478016, 35.3175820338792, 4729.684359208023, -3892.7163897051823, 4693.683408982539]
1, 55, 264652.55852704926, [7015806.785888406, 16.7332250141788, 4105.523006809694, -6784.996370888954, 5194.665872252149]
1, 56, 265392.2464950466, [6693515.451616715, 20.881713117186756, 4108.122977924175, -1891.0280646829185, 5174.4801623356]
1, 57, 265461.9933010443, [7017251.459902473, 32.78079015445529, 3931.2315194742796, -5923.809939676386, 4684.248004119771]
1, 58, 266527.98477150005, [6900672.8443638515, 16.640314669758013, 3639.341310753212, -9106.3414849468, 4683.966411149863]
1, 59, 267383.8606606027, [6848807.596551247, 15.411050832758246, 3228.703891954705, -2022.4416180372436, 4635.706255648006]
1, 60, 269110.10126806534, [7450823.156234599, 31.946999367833904, 4537.268924142224, -8738.041558913288, 4216.830480208683]
1, 61, 269191.4642638997, [7356104.656777734, 33.17694022011936, 5931.175505894689, -8762.95540475706, 4214.579895816133]
1, 62, 269268.8924927377, [7265889.499554888, 36.259326917245986, 7491.1707458438395, -8727.245834926578, 4191.534366422842]
1, 63, 269483.26820413995, [7050297.6870522015, 17.050660404532287, 5824.079891160938, 5888.666286302131, 4256.30801553599]
1, 64, 270080.16455723904, [6420180.455234506, 12.916969465491174, 6519.988452718002, -3367.722290093544, 4325.910323453684]
1, 65, 270271.9818883111, [6208258.664342262, 25.049876128919667, 6309.332541683767, -1771.015274851465, 4236.536363636629]
1, 66, 270307.84385889285, [6210451.846263779, 20.1181634606554, 6770.289704759279, 9664.80687815575, 4483.082567944988]
1, 67, 270321.9707409866, [6205901.9697782025, 22.781627816876277, 6734.578042295028, 9191.852267758413, 4527.618748370076]
1, 68, 271448.43280720885, [7749363.382464091, 18.596335432418577, 7787.069774946974, 1767.1847836658258, 4335.54000443374]
1, 69, 295261.6209407393, [6960400.312354936, 24.0534621077861, 6868.551778645968, 486.7605573713672, 4836.855231835928]
1, 70, 305788.3138591058, [7361988.707227638, 32.50029398207382, 6493.369431719731, 646.0214966851022, 4764.751394862902]
1, 71, 306510.4046285428, [7772151.148290526, 24.073809472201233, 6811.402577388086, 915.5960990466629, 5568.527702751784]
1, 72, 319927.34672661027, [6525143.582588176, 31.06488999798657, 6690.419618467287, 1220.3871633002718, 5462.361249658056]
1, 73, 319958.4673759982, [7422284.478016322, 31.231025148154465, 6316.693017524258, 910.3284792580516, 5099.130091262344]
1, 74, 324022.3792828575, [6483705.729639672, 38.53149850412531, 8095.113506631733, 5579.492865476657, 5144.144133537773]
1, 75, 327980.35506882815, [7474273.528397145, 29.843283929900686, 6887.3869089685295, 3886.3362798041117, 5004.34788912121]
1, 76, 330618.9374712496, [7527235.134265395, 26.30821066497017, 6647.738499652438, 3706.358930911113, 4900.427409111757]
1, 77, 332669.52133387513, [7091668.715528253, 16.695823370785927, 7684.729566021437, 6682.802684552815, 4881.912244642386]
1, 78, 338565.82170252374, [6624862.22623463, 25.445493344365964, 6031.9236031994715, 1118.06826526714, 6000]
1, 79, 339088.8304273246, [7570255.384730468, 19.380202760573994, 6512.588365970063, 4847.873788982122, 4883.311584043254]
1, 80, 339814.1519944141, [6604913.126912435, 26.877426739076036, 6371.0609306860315, 3503.0556019468577, 5188.145793466577]
1, 81, 341110.57796992105, [7725508.352173964, 28.303571349416213, 5972.350891529951, 2790.7903409317278, 5551.7048957019715]
1, 82, 346762.01208627876, [7578995.479150635, 27.774720510001025, 5790.697597900372, 4351.719376116698, 4777.3659106248015]
1, 83, 347022.53968774015, [7324540.3859700905, 33.88387899558104, 7411.0439036863645, 8610.313014066453, 5719.401116475938]
1, 84, 350001.80749521276, [6996018.734671521, 28.496051593443404, 5794.496583406546, 4673.802753409467, 4516.737145991321]
1, 85, 351501.25423335657, [7759693.123738237, 24.381357721803237, 5346.829946592405, 3513.556353078372, 4553.663007197247]
1, 86, 352938.2170634978, [7248338.523691678, 20.437359641630533, 7005.897749053147, 10000.0, 5201.9197299881525]
1, 87, 356358.34362745244, [7961653.041940389, 21.794272319305477, 5788.90650781448, 8226.901644715352, 4321.164284324372]
1, 88, 356928.84563137405, [7516382.721678091, 34.43731748805254, 5179.44010988211, 4319.43689939859, 4876.309229890149]
1, 89, 359638.1511640296, [6863000.576115341, 35.47565108569578, 5107.4244596373765, 4752.600303392959, 4609.253056042748]
1, 90, 364454.8940222645, [6754016.271186593, 32.04178120103005, 4709.375872261158, 3427.164517908483, 4560.883876806691]
1, 91, 365126.10169039026, [6951949.053700702, 27.468339151652042, 4998.479739794626, 8362.138773657936, 4579.758997739535]
1, 92, 371971.45524798706, [7507307.824029208, 17.35837777530284, 3787.537437036336, 9479.740187633113, 4780.232812473214]
1, 93, 460666.5661791457, [7197888.520981399, 18.77742859097424, 3923.9416125658313, 220.10469344665216, 5149.5866282820125]
1, 94, 543003.7379007767, [7511155.453963037, 39.605073442578764, 5284.44804646973, 4368.699335818971, 4796.651618365599]
1, 95, 545691.0666193466, [7715270.72631993, 32.440530879471886, 5156.3437144664695, -7883.609214250796, 4502.865899419607]
1, 96, 545985.3413228205, [6832384.515675307, 26.622351476968014, 7028.408953739022, -8414.370209039105, 5027.155038147357]
1, 97, 550145.8572607851, [6682099.036223133, 35.45889447538529, 7220.653855653952, -2086.3419327759552, 4896.6352699836125]
1, 98, 554895.6138281543, [6850357.461721347, 14.959465768915186, 3228.178277737016, -3997.737998315487, 4427.871413724507]
1, 99, 556963.6942826994, [6239970.804665503, 27.40606772540396, 6603.846488001758, 1155.6410779239322, 4780.367217760567]
2, 0, -65021.981638951474, [7411272.689715287, 16.88325193731209, 7432.301568484617, -6130.592908963171, 5149.401271604916]
2, 1, 27831.052009531773, [7049704.314710637, 13.214779644381355, 7745.4134326950525, -4989.413528356142, 4659.045581555569]
2, 2, 30628.2765519773, [6682198.152953471, 14.49764183065385, 8316.189904856434, -5086.633261474944, 4691.9366536506295]
2, 3, 36955.94099718702, [6524811.209830148, 19.637077101065053, 8312.186136369102, -5859.360602529603, 5324.304289362588]
2, 4, 37083.22019285527, [7807995.168228004, 27.12552103455792, 8157.756260126759, -4434.907351351476, 4906.448290822627]
2, 5, 41524.68401839528, [7178803.366487825, 23.678508294895025, 7413.395015073743, -6515.703570670643, 5273.896574419579]
2, 6, 47077.00325195454, [6992708.957975633, 35.195410185287834, 7461.427244263158, -6814.337008319879, 5285.986814575833]
2, 7, 74222.15302860484, [7184688.299824911, 37.82377074367421, 7383.34106048465, -3744.0799177822864, 4848.576966530101]
2, 8, 79524.68471963858, [7586914.518996348, 22.788739894249986, 8346.379077928534, -6075.022724002418, 4786.216923232932]
2, 9, 80064.7773233545, [7008012.422383773, 13.908930208931361, 7277.652895389727, -6735.093678355771, 4764.907530909154]
2, 10, 91157.95071062693, [7185863.329874469, 18.380585327404198, 7282.2780961787985, -6756.38107526446, 5135.88213107635]
2, 11, 92459.17245564618, [7050940.605731546, 23.86390902587169, 7344.373569445106, -4465.162932215377, 5750.7395524508975]
2, 12, 103967.06365878374, [7135966.219478293, 23.007667342724872, 7216.445784956516, -7018.013002473366, 4869.6375586014565]
2, 13, 109494.13851424097, [6955837.288432076, 26.277032427423435, 7401.050373448427, -5077.634393101455, 5742.170840104537]
2, 14, 121267.7066822821, [7445999.1353002535, 18.152092492791255, 6957.566082998705, -7480.029126229996, 5148.212501233297]
2, 15, 122417.89837132575, [7418681.733112203, 30.300207913112335, 7907.367601147173, -3427.205568806198, 5168.45254708883]
2, 16, 133437.2137392101, [7653929.162598329, 26.683979140736124, 7174.390737544595, -4162.805963639404, 5049.942589545569]
2, 17, 147600.64749029453, [6974251.670683246, 36.382690760412544, 7283.161198637975, -5332.214685864332, 4913.641322405224]
2, 18, 148630.6576745393, [7136245.933449609, 10.0, 7182.127300909406, -6712.867411784557, 5109.335520594165]
2, 19, 151850.4222665034, [7476511.491454201, 17.48418186374802, 7098.999605568821, -5934.677542410796, 5216.734784479032]
2, 20, 172887.9746355894, [7514994.771352911, 18.04912793747374, 7570.227048663533, -7615.177552443225, 5131.893615183733]
2, 21, 173741.3641098522, [7286518.200558677, 21.10957220126296, 7910.478706292065, -8266.272344094199, 5463.18115840575]
2, 22, 173744.22354487004, [7514994.771352911, 18.04912793747374, 7570.227048663533, -7614.858052562895, 5131.166214030857]
2, 23, 174745.40493452645, [7226680.677464922, 31.82592570970504, 6910.746089035296, -7076.149086048571, 4858.32143509435]
2, 24, 177847.1242097353, [7869040.561985271, 20.98221215259476, 6775.337141436015, -2536.051851384562, 4588.490803014893]
2, 25, 181962.98300525747, [7190276.227686482, 19.619772832869373, 6928.0629270087275, -7316.398599455073, 5096.106839044808]
2, 26, 182579.9917853854, [7226399.531770014, 20.451088326804744, 7433.732036517921, -7182.159412832207, 4676.362030656336]
2, 27, 190012.05316838954, [7212464.885602913, 39.25872114647379, 6824.531418335437, -6976.753347187391, 4579.902482676912]
2, 28, 193757.21794420978, [7017764.943566075, 15.653686166308447, 6941.900148998078, -2807.2778437546494, 5014.8408370629]
2, 29, 194354.60261591914, [6761139.798653052, 33.425609971005066, 7113.048821591236, -6413.1574262700815, 4863.223307932453]
2, 30, 195258.8645216756, [7229848.44483766, 21.369507351055752, 8572.459927725165, -9216.968331740292, 5354.179101113936]
2, 31, 197552.56860869564, [7200158.943717451, 29.61828100813279, 6451.055433621087, -8801.923105198111, 5056.607091136133]
2, 32, 199934.79871629187, [6974482.950093501, 18.832315132201124, 7091.241399949904, -4074.668766548173, 5157.140780047082]
2, 33, 209910.9240638379, [6937075.020796608, 20.73987458418555, 6770.704393930639, -2461.5642483888514, 5071.732988755049]
2, 34, 210112.35407074902, [7298379.815810685, 17.950655077248296, 6904.522234573262, -3487.2253331315455, 4533.091826432887]
2, 35, 211932.85744358227, [7206424.797185002, 18.023655421506067, 6774.33752041485, -6463.487110990105, 5150.574165287051]
2, 36, 213450.29189157684, [7374430.572726328, 20.896349871737748, 7946.666082556936, -9304.51163457886, 5397.0883261745885]
2, 37, 214005.41548866528, [7001706.069089142, 16.68709586096345, 6751.41774348826, -3063.3181301776085, 5006.426803237603]
2, 38, 214702.2800601874, [6996684.543635197, 14.313421662250015, 6317.05724347081, -9166.38975227238, 5027.714793415646]
2, 39, 218434.81801161641, [6976845.79617819, 38.60550605816348, 6941.154305432689, -5101.433304292192, 4700.9914980567355]
2, 40, 219133.12757772737, [7190455.673549784, 31.058617074666216, 6579.2391942598315, -8286.656768821405, 5833.444688805087]
2, 41, 222352.24350304122, [7099506.509848118, 12.984483481884535, 6803.828282131848, -3723.1443587864906, 4469.747894991906]
2, 42, 224664.0972324952, [7346732.552772211, 13.438089341858925, 6629.824337012184, -3291.7384803397385, 4914.163490399021]
2, 43, 228872.58764840235, [7219841.997367632, 28.313095871521814, 6600.512116865649, -4433.929848746395, 4655.504958818612]
2, 44, 233369.68672750305, [7033441.092718092, 17.591629771105893, 6646.483829343583, -5136.444227379574, 5442.026395410585]
2, 45, 233498.51502816915, [6803494.541920059, 35.29161464466055, 6316.007336895935, -8403.813729869556, 5008.066270735959]
2, 46, 234307.4891791705, [7511038.158787421, 22.10106854716607, 7506.650628137773, -9235.136074124077, 5136.241078481232]
2, 47, 235051.11050894763, [7148205.864530506, 21.652555606150912, 6409.401568532887, -2784.772391178877, 4626.509615102345]
2, 48, 236021.26706029777, [6290733.102891856, 19.435133218222205, 6796.842410393536, -5267.003804754243, 5038.755498687474]
2, 49, 236674.3693031025, [7397686.275988237, 27.917035809539232, 5814.78952288977, -261.60701340480733, 4695.259786137582]
2, 50, 237145.98360169656, [7355886.313231153, 27.910882553809422, 7362.979665538772, -8931.172897589358, 5046.017014903401]
2, 51, 237238.74012986026, [7173497.057418428, 32.732115177277066, 6241.648038862747, -7960.356310029254, 5050.621891227436]
2, 52, 237736.74984111387, [7277867.19677946, 35.070622529768315, 7574.856894372827, -8646.240091468298, 4404.269506672951]
2, 53, 239253.147296569, [7148712.708209591, 28.551362792006763, 6304.321086269481, -6335.361676556611, 5038.9749813751205]
2, 54, 240172.53366229683, [7146457.697781102, 26.50240808286528, 6304.164691864465, -6503.9561084580355, 4666.606982455931]
2, 55, 240371.1398900521, [6835863.91065944, 24.786304506130904, 6084.57872919541, -8929.343827668117, 5147.594728904573]
2, 56, 241407.77940524393, [7107869.915772019, 29.812879591315873, 6266.672123350748, -6739.740937512981, 4820.403825726574]
2, 57, 244200.98955978005, [7428629.7323946925, 34.64516181786927, 6105.438994449074, -2981.553634741488, 4749.4538368203985]
2, 58, 247922.8939135134, [7502093.878502189, 18.676327295441467, 5987.363420712202, -4712.704542008829, 4846.920538097043]
2, 59, 248614.2911586594, [7355307.276449082, 22.2682013952865, 5935.159741630998, -6398.09417666217, 5363.690633153984]
2, 60, 250562.52334436242, [7100428.090694859, 18.840451302135246, 5828.902221810781, -6298.07976096524, 4650.795143073726]
2, 61, 252042.4384649811, [7038854.023324487, 26.025383108902403, 5846.885276768308, -5108.033760423184, 4691.800353188061]
2, 62, 252654.90329853547, [7219120.761196819, 24.106557770710044, 7072.76708702557, -9150.77049360377, 5135.797713622171]
2, 63, 253187.63067899446, [7546417.6084321095, 23.117802953782483, 5536.253983894803, -2751.140006176699, 4597.110686303932]
2, 64, 253518.10114806838, [6676756.7747474015, 22.115119953388387, 5471.4065146199655, -228.13852596301547, 4700.8778585539285]
2, 65, 253853.6651926785, [7122849.840814653, 10.212447276985714, 5648.466777166997, -6692.586323576612, 4969.507349689354]
2, 66, 254963.75084735462, [7438578.028350552, 18.979816795392008, 5479.559851985467, -5718.845637658277, 4617.096607906878]
2, 67, 255128.05505942466, [6569203.075418614, 11.468386788634415, 5430.563286189612, -466.07720417532755, 4875.162534074249]
2, 68, 255227.2731641046, [7191993.019367145, 35.57178783130677, 5506.93079557928, -6674.099429793997, 5004.896041169337]
2, 69, 256224.85879638762, [7517938.702918505, 33.19439996382602, 7391.927955104109, -9141.090182239184, 4375.178328262122]
2, 70, 257725.22268182048, [6430365.776530116, 33.27288122306123, 5534.102056338937, -6747.853729798744, 5012.223728455005]
2, 71, 257846.62975811848, [6766773.061561506, 24.496611614655293, 5403.921547499241, -5904.137522907495, 4837.679401730511]
2, 72, 258646.59949717976, [7318893.107891554, 14.736975355063336, 5069.049143576161, -5754.402424961618, 4665.025246039864]
2, 73, 259173.92020241884, [6704895.845110892, 29.7446877985342, 5387.085244154095, -5286.816656807568, 5184.869962302509]
2, 74, 259330.85140763805, [7337817.760077364, 26.941539728737016, 7053.6387609955145, -1190.5301491682478, 5301.656624571255]
2, 75, 259724.56189190852, [7167646.272898712, 14.14432016842962, 5048.395895243408, -5240.594444601263, 4743.214920744526]
2, 76, 260925.66352844372, [7549545.38451927, 21.890520791303114, 4694.915910127356, -4049.2682041391304, 4556.347315097]
2, 77, 261085.68599301644, [7514639.020535177, 19.06263730947306, 4732.899847640224, -4847.934789621589, 4648.685434052584]
2, 78, 261267.09463676225, [7115626.008075527, 21.0678580466102, 4799.020383696876, -6484.922064419151, 4593.94113183457]
2, 79, 262658.5987927618, [7159323.6843699, 14.15966981857641, 4567.844217350085, -6274.410740057801, 4884.187429659522]
2, 80, 262818.16187520494, [7108831.080102934, 20.80554286308587, 4539.057098286841, -6448.031885160508, 4908.224044137166]
2, 81, 266632.82773791644, [7331599.976452173, 13.33315478783137, 3337.3459272403584, -3539.8120248059263, 4664.538461010557]
2, 82, 268695.94420830335, [7370137.443714071, 28.095234429617044, 7049.5459859447865, -9622.633025512612, 5077.3475978321385]
2, 83, 269342.9855583047, [7221732.529642136, 32.07678191896529, 7543.847252052619, -8630.94334438102, 4299.747497534231]
2, 84, 269437.89523071825, [7119020.8312339885, 20.105834850951844, 6899.306057802005, -5956.534577743235, 4305.713323423448]
2, 85, 293820.24953012465, [7054717.182559901, 32.140999568378845, 7190.146045011548, 1383.8143721761876, 4648.631636298667]
2, 86, 301050.76520116156, [7050719.17523205, 27.487966638333937, 6712.567297552107, 687.0904138048635, 4787.2646205065375]
2, 87, 302696.88758834446, [6460632.658162582, 25.02024532414647, 6992.908606694524, 757.24102878133, 5323.328825022684]
2, 88, 309520.89984160534, [7052392.1796471905, 35.24438468463062, 7220.927125597389, 2624.8122427672406, 4889.653177458187]
2, 89, 314009.5799553951, [7500901.769911965, 26.775099140354214, 6962.11759623649, 2122.0395959904554, 5276.45502106284]
2, 90, 329700.78109415126, [7032186.60368989, 38.20423176887884, 7609.436454919631, 6056.449914379142, 4779.9797860223725]
2, 91, 332329.67475186544, [7351759.512768857, 29.386059370051075, 6227.868326292348, 2960.822551621936, 4691.294295224106]
2, 92, 338788.10443347116, [6726355.573589042, 19.56754551907983, 6728.001095355691, 4325.170713115534, 5456.416375878034]
2, 93, 341932.23344804836, [7638836.090658035, 26.956233846091102, 5601.914431879119, 825.5423999987161, 5170.583167220372]
2, 94, 359452.8078592821, [7107584.505298176, 10.0, 6010.905635718551, -5645.410921745138, 5642.510010093459]
2, 95, 541484.4181503004, [7425103.187795958, 16.504249949351443, 6194.497276862612, -3090.492833316117, 4921.648056192337]
2, 96, 546089.6647561344, [7533858.980460759, 21.051972242273013, 5039.385248244238, -1080.5935766350647, 4597.453041466699]
2, 97, 547108.5632924683, [7407674.757347914, 19.08054208670099, 5857.569560421574, -1440.9551466122484, 4613.613680971485]
2, 98, 550537.3733027836, [7175062.421479652, 25.831561896410232, 6811.43730670691, -4642.269029477191, 4528.184729887324]
2, 99, 550789.5619260815, [6784618.458769799, 15.221797555007853, 3925.5700187150137, -4323.636312913276, 4791.013817182808]
3, 0, -69702.27842051143, [6594162.665607413, 19.6031878441936, 7622.851044428947, -4730.478592290789, 5302.788621881171]
3, 1, -65021.981638951474, [7411272.689715287, 16.88325193731209, 7432.301568484617, -6130.592908963171, 5149.401271604916]
3, 2, -40877.105695150065, [6755367.923751261, 14.71514387843995, 7658.946356841826, -4345.436351515933, 5004.937200568673]
3, 3, 6650.657215401643, [7650213.433145171, 25.082701223404538, 7310.379803965556, -4440.898087913137, 5791.348840913698]
3, 4, 17353.50031507165, [7221197.3630527835, 18.955936265933673, 7472.310876030345, -6782.441344824653, 5257.736608629818]
3, 5, 18114.365425447788, [7632762.883443992, 26.381887532383274, 7705.429627058248, -4861.7831204109325, 5005.873756982617]
3, 6, 24237.886619573863, [6715534.049634221, 18.63020535582083, 8107.099906382179, -5087.133759794838, 5312.648837473523]
3, 7, 25381.314934611357, [7550099.210587624, 23.57921427618431, 7770.724848718175, -5380.046908700652, 5115.578227931923]
3, 8, 31582.51808204381, [6933478.8213722035, 18.477321103918403, 8000.153483534819, -4752.263794034537, 5070.418171723408]
3, 9, 34238.0539745344, [7402498.436694814, 28.076431062100113, 7658.420311835851, -4825.316429609242, 5175.833134267324]
3, 10, 46537.246785370415, [6699488.251050518, 18.720039241698196, 8178.199818327235, -4162.185321354821, 4745.706945659646]
3, 11, 47050.833237627456, [7687611.381740543, 25.694186282302283, 7952.277194362141, -4555.040775553826, 5143.053848533813]
3, 12, 54656.51028375207, [6930305.003065219, 16.50395076380103, 8065.664413122403, -4076.9604663623445, 4759.62086256838]
3, 13, 57818.39628317616, [7291578.018259204, 19.826877384804344, 7507.669368848924, -5947.953240426494, 5251.6151335898285]
3, 14, 61365.130428297256, [7234305.3857570905, 25.341293346757386, 7961.472141160168, -4332.027764608627, 5106.643703795592]
3, 15, 67098.55530264178, [7192029.116012247, 16.615459759107935, 8186.583536098358, -5784.3539252028395, 4820.657700122949]
3, 16, 69735.40038675175, [7264950.681251116, 19.47193737103226, 7285.70830873122, -6361.9120148585325, 4898.520999176966]
3, 17, 87731.64189290539, [7274651.926687389, 16.39078300251979, 7292.270971983631, -6177.287694868207, 4927.251916570661]
3, 18, 88410.0375680116, [6982859.776887742, 18.290494388063713, 8252.265649039822, -5999.499743614124, 4697.229254383232]
3, 19, 90775.04983469084, [7403911.838134203, 25.456205647333924, 7252.623881515341, -7237.505763502344, 5079.491027712073]
3, 20, 90926.33364688852, [7261787.5610564165, 26.17727094479922, 7773.569440572257, -4460.412656993468, 5599.0104579253075]
3, 21, 91609.69912364367, [6956951.488275092, 14.435181900390264, 7729.768504912706, -6227.21490972809, 5096.06667279498]
3, 22, 94824.89783972809, [7204433.68168644, 15.93199893869899, 7341.856848419131, -5594.527929434904, 4902.772701928327]
3, 23, 95625.61257213177, [7178813.074887919, 34.73819322448103, 7277.782428956514, -6433.808909768981, 4864.808399223091]
3, 24, 112925.16118540414, [6756662.668493916, 31.57638745241725, 7806.933895771685, -6173.334264438318, 4717.933891341298]
3, 25, 113842.43907299836, [7533108.952888552, 15.655954499502844, 7915.323323639769, -6528.552744049112, 4808.803004489228]
3, 26, 115074.04233668071, [7190916.301013151, 25.22936553325987, 7068.675004362265, -7353.516255163411, 4966.306068255973]
3, 27, 120381.01988649109, [7441520.099162723, 20.381232351187915, 8228.650642364946, -6937.034301771719, 5000.081113888643]
3, 28, 121676.775131132, [7140289.387753305, 36.476467698442335, 7296.058068506231, -5324.303377332037, 5063.510925136904]
3, 29, 129285.39231855184, [7366504.668195633, 28.449021335843625, 7939.250141192615, -7003.712528829498, 5121.003652016537]
3, 30, 130638.57592334096, [7814539.4352220455, 19.568316958864983, 6891.875185239028, -2663.7170149603917, 4997.662899199833]
3, 31, 136418.3080201672, [6999206.033444633, 19.201777243731474, 7499.419611180304, -7263.275257006093, 5596.343513397916]
3, 32, 139729.04517152993, [7288769.501276855, 10.204732661251901, 7159.983324439256, -6500.644711736142, 4952.856573186714]
3, 33, 140034.61837739177, [7120894.439699637, 13.503743530855512, 7299.171760508075, -4210.851442616859, 4855.068194034269]
3, 34, 149282.73874663078, [6903862.80844369, 18.728658205934515, 7014.519691207418, -7855.365108868873, 4999.863941377139]
3, 35, 153377.73575148848, [6794675.968669426, 33.08561856474232, 7328.581806177215, -5071.94092814175, 4692.820951184612]
3, 36, 161958.98719728083, [7015629.670992496, 18.754421575379734, 7324.761732343533, -4875.490804002916, 5224.16670550246]
3, 37, 162123.23685963574, [6938383.532095793, 20.26579613165286, 6962.058393504261, -2308.863236013817, 5085.4669290430675]
3, 38, 164577.20495881123, [7396931.134428744, 17.515377577396443, 7135.52890876643, -4246.979087203553, 5281.533304948846]
3, 39, 167728.75737392562, [7061094.662505863, 22.445203648924483, 7247.047549624279, -5513.638806432531, 5225.6421967343185]
3, 40, 169017.52447144812, [7176060.259918241, 38.27423344484795, 7381.260243043296, -7073.436076065846, 4847.616242426766]
3, 41, 171438.89181468386, [7002611.935189459, 22.783888324849933, 7107.280490473497, -6660.303480223875, 5198.880279982993]
3, 42, 171997.8750386098, [7429101.732461787, 26.29822169646343, 6795.617893631903, -7948.31000657044, 5182.849008612471]
3, 43, 172216.3632711976, [7201180.008773125, 29.110253909022617, 6916.054774685705, -8282.855210052561, 5794.8062986937175]
3, 44, 173786.00605516424, [7508442.452660898, 19.193180397404145, 7313.58991979718, -7108.4252715529365, 4951.404766999736]
3, 45, 174231.27215921663, [7340798.583920561, 19.351028685620552, 7903.766188289648, -8184.262241937663, 5278.677672450924]
3, 46, 174836.3067236918, [7005938.063435228, 31.784653402952713, 7200.983936171661, -4711.1139932810875, 5837.272930172367]
3, 47, 176203.4173917673, [7226048.964019592, 28.947956558477415, 7723.244743781153, -8265.068335614997, 5502.305591560429]
3, 48, 176958.75310942336, [7289651.965898478, 38.86764886613038, 6779.433296118555, -7553.518773682786, 4599.660944904176]
3, 49, 177418.16851974526, [7227403.196962339, 26.63350788759773, 7295.063248252365, -7465.413612869834, 5298.645706008045]
3, 50, 178326.92130752633, [7304312.216109553, 20.30149075409636, 6895.499963657798, -7062.9878960128935, 4903.9779842960725]
3, 51, 178973.64544323325, [6929634.119841801, 34.25852999312164, 6824.263528758799, -7837.997550292346, 5015.791160840764]
3, 52, 179254.1958901525, [7373009.089296595, 17.765450975888864, 7052.414931974532, -3912.0679672285182, 5252.705666614334]
3, 53, 179923.92516467985, [7213017.953567658, 38.27951130887861, 7012.397746319859, -6294.523939110361, 4777.873393892443]
3, 54, 183023.92335383166, [6786586.18095643, 23.163704104297132, 8177.773491296926, -2237.297640301259, 5349.193221021363]
3, 55, 183592.85836647663, [7082424.897389871, 33.97721697780904, 7635.870856911432, -7763.413126008635, 5042.575867235235]
3, 56, 183985.63104447117, [7424720.703747816, 21.948409051928415, 7028.608625521491, -5987.702424390574, 5118.571024202343]
3, 57, 184178.4944508, [7246137.720726791, 23.987612589684723, 7517.131934501356, -7627.4205583326475, 5032.126752801133]
3, 58, 187305.59193116578, [6974412.810387039, 27.67175594012688, 7174.615665956593, -5014.737919254446, 4992.397421003699]
3, 59, 187416.8386522645, [7282727.694093902, 19.12324132280599, 7435.971500687391, -7755.46302003167, 5032.815075910365]
3, 60, 189774.68075895333, [7059171.633394715, 13.706101071441935, 7122.2433011233215, -3685.6836406292937, 4841.118229588123]
3, 61, 192459.18443196523, [7250514.205015109, 18.232706956900486, 6822.223633130758, -8122.930173658835, 5505.753240108352]
3, 62, 196613.91879650482, [7726481.010979917, 18.098576347675092, 6904.140543123864, -4906.8516893755095, 4672.790213844794]
3, 63, 198177.22147834155, [7211524.454811876, 38.571361491402975, 6943.357422755572, -3725.9851078052197, 4767.688027430168]
3, 64, 203971.0072067963, [7252696.722844264, 22.914829303197404, 6940.860435470468, -5874.520657986401, 5080.581830185543]
3, 65, 204965.53885758642, [6974267.445022804, 32.325559370952355, 7091.016426722477, -5064.39990099611, 4977.056934129806]
3, 66, 210020.06160321616, [7616521.611960077, 20.67987834454573, 7035.290973889918, -7607.07903202347, 5084.74597652783]
3, 67, 211970.16988535275, [7026124.765732871, 29.609087135292533, 6976.139382120134, -4501.058035683864, 5538.523166202216]
3, 68, 212626.40904228244, [7204307.199353877, 20.18392930129818, 6695.799538794293, -2625.7911698390863, 4589.443122588544]
3, 69, 213387.8001092476, [6895337.07742689, 35.54456360426023, 6735.003691229279, -7606.274417793324, 4941.268456578783]
3, 70, 213521.4937020728, [6943675.736417795, 20.322774426133343, 6975.628582322563, -4176.620008381382, 5079.911198608188]
3, 71, 217375.8545169253, [7445182.800921145, 17.841438974323395, 6634.540577117718, -6934.530743642906, 4766.363115533537]
3, 72, 218211.03324724082, [6992852.853715953, 20.82662823860245, 6820.809369382098, -3467.0712000788913, 5080.155286138111]
3, 73, 219584.20064663896, [7006668.389072851, 20.265482388987376, 6765.456416841963, -3537.5494678397486, 5077.550912393508]
3, 74, 224269.20663347468, [7207741.785148549, 27.547724075823133, 6767.1305940237335, -4370.099404158547, 5056.934736057594]
3, 75, 227528.50253628488, [6981764.202210398, 36.97486654280173, 6437.003184523521, -8178.611183947532, 5017.78765642112]
3, 76, 232567.7506882502, [7151223.906733335, 28.759608402673116, 6611.843610900655, -4710.281410706593, 5042.655281980041]
3, 77, 232691.85720356592, [7101588.2536909515, 17.088248643173102, 6161.491375292993, -8757.776089574476, 5042.109688788839]
3, 78, 233880.84065463275, [7076109.744686789, 30.196100285139806, 6501.620688316484, -6627.835704627485, 5420.9978313759575]
3, 79, 234561.89664931098, [7031182.381400673, 28.361054691967276, 6489.115743738902, -6172.863109765077, 5004.217198236783]
3, 80, 234785.4161708326, [7216872.942702444, 21.743308928773498, 6452.061327521124, -2745.4236783041233, 4601.725245673086]
3, 81, 238266.53944250566, [7173200.4271660745, 21.707033312271502, 6414.824868803971, -4648.824380914613, 4820.888501818817]
3, 82, 241413.5049026617, [7406349.243005572, 21.788480721770373, 5804.672287573588, -838.1581286710093, 4651.726714431095]
3, 83, 243893.52003245061, [7322080.392432195, 17.94307598055434, 6087.061893509431, -6508.07645446935, 5024.275573036119]
3, 84, 244625.76941356764, [7193140.801837926, 20.764953125320005, 7322.411494123519, -8996.408430892827, 5101.197388462513]
3, 85, 248155.0532561629, [7329347.582720588, 26.056665415224018, 7360.995355442482, -1409.3409786206926, 5646.083466123206]
3, 86, 251724.30899100905, [6488539.100161881, 28.940161258291987, 5749.845281398738, -1305.515819065523, 4903.537962661983]
3, 87, 251906.73133973783, [7044545.576068721, 25.095775678391778, 7234.566080110213, -1376.3576084463052, 5419.616393007841]
3, 88, 251942.9666734028, [7119846.393925719, 21.316227429670942, 5850.3009137210165, -3732.497581118706, 4634.433205674947]
3, 89, 252232.7998718373, [7227738.960471148, 25.51614468470941, 7214.691873288493, -9156.193827032468, 5143.374006896386]
3, 90, 253721.40139778884, [7078940.660953056, 19.424946867863717, 5633.037937278203, -6454.916694140908, 5290.478180774348]
3, 91, 253806.45176405806, [6857222.228087882, 31.291155253619312, 5809.274500880269, -5943.177404634521, 4934.7473373439925]
3, 92, 254793.9704270373, [6608317.772087943, 21.3933994221314, 5644.440375214612, -2078.046400457353, 4671.481291837451]
3, 93, 259830.47031292948, [7181245.942052313, 19.95463345443011, 5017.9777196784235, -3204.5591782552183, 4637.689237191331]
3, 94, 262386.8500763362, [7113193.59136895, 14.070428341686325, 4611.891695118299, -6329.121872602687, 4871.044621922995]
3, 95, 262468.0782213333, [7097691.8090728745, 14.165846719193313, 4656.225699924047, -6675.847221704031, 4769.657497832965]
3, 96, 264105.83206566935, [7025754.357715029, 23.626355782283298, 4307.183069867839, -6439.063054615539, 5249.885539606492]
3, 97, 275045.1619887946, [6791397.551164132, 24.818905624945412, 7952.233008604773, 1167.4998543195225, 5122.140245331204]
3, 98, 537767.0530557554, [7017753.776804988, 23.479104184917876, 7188.837922240612, -4202.585363286334, 5283.048777767594]
3, 99, 538630.3952074663, [7305536.182551167, 21.704548670091743, 7260.474144412251, -7214.899461993928, 5109.7545999230615]
4, 0, -90554.95094916034, [7215524.111088476, 22.5445323485121, 7481.74251169801, -5373.1928212303665, 5144.807391817639]
4, 1, -80647.64125776698, [7281663.785091266, 17.99339181378905, 7411.484943763664, -5895.984986364673, 5279.623702477546]
4, 2, -69702.27842051143, [6594162.665607413, 19.6031878441936, 7622.851044428947, -4730.478592290789, 5302.788621881171]
4, 3, -55077.83236967122, [6610122.226097934, 18.39832440059367, 7769.000596168347, -4731.212474328913, 5154.068494083293]
4, 4, -23505.779861144725, [7424794.820014369, 23.463127069979492, 7462.242457220533, -5521.862728607341, 5199.581574381102]
4, 5, -4057.840196578626, [7146236.266491206, 14.800585293442587, 7402.845157861596, -5825.875891852855, 4976.707940267046]
4, 6, 16852.409842405716, [7580238.905826372, 24.09686776024572, 7764.397299817919, -5257.980732147368, 5398.022286285615]
4, 7, 20168.94875593958, [7072101.246740883, 19.623515928992546, 8131.072864689616, -5690.710026527049, 5436.986068418469]
4, 8, 25919.439451927577, [7303573.103693543, 23.11011256284805, 7582.538436673128, -4944.742655818282, 5168.274763307959]
4, 9, 31293.83676415345, [7378163.613489007, 37.05371835797714, 7359.654212399057, -5518.92058485741, 4980.176719531381]
4, 10, 35148.83646360722, [7301348.762239095, 22.25741807906798, 7663.622285952208, -4889.678385493087, 5256.231055354427]
4, 11, 47205.0819605641, [7227745.329359052, 15.338253464162646, 7453.679712438568, -5842.747842245344, 5027.638263507659]
4, 12, 49659.18952320164, [7204960.529831774, 33.1631443823233, 7292.819837718052, -6322.862457702121, 4882.00317129886]
4, 13, 52964.32668038293, [7081524.298568935, 26.039264597661685, 7517.439538700234, -5231.937611096186, 5510.087932504319]
4, 14, 54782.21164159976, [6837361.527296858, 18.64491569597031, 7631.437746340064, -4749.0180890336205, 5280.497507324856]
4, 15, 55194.644499335154, [7109319.671547941, 21.504892945346967, 8190.015581848033, -4325.188750570913, 5054.08227370376]
4, 16, 55528.528295765376, [7229387.391040955, 22.258766103163296, 7886.610872816232, -6089.504850230079, 5344.292744081153]
4, 17, 58330.52583391953, [7229928.182943637, 20.221292282451344, 8045.706613417755, -6103.033678542858, 5268.137950059781]
4, 18, 67383.84307569674, [7472162.121773351, 18.7868918026982, 8120.2633279683705, -5854.228194217899, 4845.967320052295]
4, 19, 72263.68031374623, [7265014.807167041, 35.567607422971385, 7287.8491413513175, -6157.490319887971, 5213.904102384761]
4, 20, 77416.46542148208, [7204474.295365422, 16.41658450238695, 7257.529251030762, -7490.677312597998, 5446.17805349591]
4, 21, 84220.80661438427, [7428078.60904015, 16.9793030854229, 7571.6756879305, -6144.025041266738, 5101.159225155637]
4, 22, 85748.50630282893, [7591790.951420987, 24.51452324398573, 7752.715802831953, -4776.985760290078, 5857.942647327276]
4, 23, 91256.90602399681, [6999797.845565319, 18.523245207678976, 7652.376045218007, -4047.2191284905875, 5075.954133402117]
4, 24, 97026.69436147803, [7261798.963032197, 22.718136280994415, 7604.112533457419, -6375.068003254635, 5193.367651511916]
4, 25, 100727.33319260515, [7331367.126674796, 10.0, 7305.703806961839, -6299.28621250621, 4951.780894542893]
4, 26, 105792.1072320695, [7174059.565387985, 22.268890605827572, 7329.233801519666, -5606.946614301655, 5057.1038182520215]
4, 27, 108265.97494312328, [7331403.177311528, 18.786091897776483, 7279.19827598114, -6126.31518422875, 5103.136233627841]
4, 28, 108623.29366202462, [7000853.457538024, 19.936646835579456, 7377.426815419976, -6137.416636189223, 5260.458333235507]
4, 29, 109263.38424401698, [7212713.086870453, 18.052223236678724, 8172.436328634659, -6645.808661954717, 4923.390839210285]
4, 30, 111455.15245118826, [7182101.522373283, 35.17480607786242, 7084.651834486581, -7192.1274684024875, 4903.1920875463275]
4, 31, 115053.34361724404, [7239375.996366655, 28.176564209045722, 7224.212668213938, -7074.7251971418045, 5857.189800239948]
4, 32, 115451.01185379385, [7179278.824286679, 34.36614658123005, 7346.351744423219, -5556.163535335854, 4956.806926038638]
4, 33, 119708.78487566442, [7242362.095434918, 21.69043755220479, 7289.118037389237, -6299.95116602479, 4879.41514592174]
4, 34, 121984.74880028627, [7453743.979481704, 20.3623448749618, 8253.326414194653, -6988.129305090143, 4995.9094548109815]
4, 35, 126891.56837888846, [7278997.238425889, 13.272570533014079, 7114.859989432413, -3027.2339006182, 4979.872678385276]
4, 36, 129763.23394106474, [7577455.6241084905, 29.010267769504598, 7363.7026738313725, -6518.97534529426, 4992.797065067801]
4, 37, 131321.25592332138, [7404396.163505833, 20.38833761010981, 7890.102377297847, -6960.409546038841, 4988.2036190176]
4, 38, 132169.18213916215, [7351616.160959288, 17.958021950496228, 7535.721343935801, -6964.972854039068, 5270.885052878843]
4, 39, 133807.75958853052, [6967378.938610387, 17.90849061562197, 7037.891614488943, -7523.653399431749, 4864.909269844854]
4, 40, 135880.91752993196, [7182626.128944174, 24.212669776984757, 7317.279178238257, -5470.516041350737, 5019.105040848813]
4, 41, 137727.02041412826, [7189243.691461556, 21.994866985389375, 7076.15745318453, -7364.478983142945, 4843.454345721798]
4, 42, 137962.2891263744, [7312323.118583183, 19.558424561323072, 7522.239342869324, -6714.865230989312, 5031.817576765136]
4, 43, 138729.45383842054, [7208105.848957206, 27.87072741337345, 7308.548271692208, -5301.578529577287, 4965.391262683906]
4, 44, 138906.48507995124, [7110039.281781289, 18.043842084531256, 7334.226236820494, -4788.1755527747555, 5239.040111516987]
4, 45, 141883.7475231155, [7321748.8520826055, 17.235041540463957, 7511.816465773638, -7128.876172763624, 5312.557363843138]
4, 46, 143730.22706873761, [7377771.47492332, 15.49324651396524, 7287.123965843948, -4721.03901042603, 5003.783332220168]
4, 47, 145896.586763434, [7023784.116146188, 12.87578032058457, 7275.341970822288, -5199.882977857546, 5471.6245445819]
4, 48, 146134.783035348, [6758361.273278213, 19.46511157210059, 7439.692583117049, -4280.1050236950505, 5003.590901450557]
4, 49, 148971.82481665973, [7039581.205195204, 26.640962275720582, 7319.871977457502, -5504.0991085989945, 4902.163920229073]
4, 50, 152629.75336366994, [7106128.174596959, 23.63371934433821, 6989.347532013366, -7429.987693647775, 4979.663556502496]
4, 51, 154269.15063573708, [7191252.882880788, 24.54958302789351, 8059.994998592661, -7399.404486164895, 4863.167626963668]
4, 52, 154329.87204434964, [7558617.893731512, 10.891530001717836, 7117.09062393754, -5283.446460659428, 4974.100099449535]
4, 53, 156298.77812562863, [7198169.257401682, 27.114041619243523, 7200.529834835899, -4430.6230467168225, 5795.222869862208]
4, 54, 159360.97257691278, [6988024.209090335, 26.558660616619772, 7117.208230400362, -6774.937393515762, 5197.321158788266]
4, 55, 161433.95271578187, [7345639.39815688, 18.14302588728224, 7146.681746208517, -5768.590066970459, 5274.9960941557765]
4, 56, 164938.66271760908, [6730434.717429761, 26.99220554630294, 7584.059419772589, -7252.910083606091, 5023.398250946854]
4, 57, 165197.02708499087, [6723229.867518001, 15.301001275721761, 7336.848725331344, -6179.947510008292, 4983.707870774088]
4, 58, 166432.3186641772, [6862770.286242681, 21.354034062878753, 6980.286671849746, -7740.40799496218, 5018.5388787518505]
4, 59, 169887.51722960215, [7349812.175952335, 25.787390376648453, 7141.244783370698, -4438.359018647865, 5577.52764840376]
4, 60, 170053.38189247312, [7214999.322996312, 14.027631722593094, 7197.215664012937, -5199.802746891736, 4929.9849479613285]
4, 61, 172612.20002266893, [7051063.9670320675, 25.512246038652062, 7194.22269782641, -4540.07319716149, 5138.894082783353]
4, 62, 175844.05866329864, [7285683.080229558, 23.298858213993395, 7075.969888148114, -6192.7286283938565, 5037.522709904819]
4, 63, 178111.98753622806, [7006420.4873714885, 23.088077618534975, 6965.651413700208, -7263.435610759638, 4966.590750094267]
4, 64, 179257.46554349, [7282415.935055216, 16.100853882081648, 7112.859797224568, -6017.591656332335, 4974.5604482230665]
4, 65, 179712.27741047266, [7203770.828099964, 29.31674341225563, 6886.524746766794, -8477.491368889563, 5847.506453381852]
4, 66, 181740.54565626773, [7284226.567932365, 19.166352197660352, 7613.132970042985, -7811.492716137625, 5165.306373255721]
4, 67, 182583.10608761467, [7214610.177400757, 28.216211683697622, 7723.1601340923, -8190.4254338773735, 5305.363837337021]
4, 68, 185962.87108528728, [6968336.936088696, 32.480128865378546, 7012.120848333352, -6782.91575753295, 4996.9330504578775]
4, 69, 186745.7099815924, [6965181.739837632, 31.359267376052298, 7171.0957402345475, -5056.6821404447055, 4851.028724155271]
4, 70, 188708.0422151795, [7268984.624237497, 22.843748999657613, 6959.8428090138295, -6373.7241038835655, 5066.774349662983]
4, 71, 189284.60169058802, [7122174.132987547, 15.62533810688909, 7155.015009074656, -4193.792839960146, 4909.464428195614]
4, 72, 191309.2788529811, [6883645.65565299, 28.62380347988755, 7102.675841759471, -6008.210771093897, 4836.2586220767935]
4, 73, 192884.06428718707, [7117861.487900304, 17.972167990345376, 7152.842663864373, -4957.696082350925, 5054.538162645815]
4, 74, 197343.27479054633, [7183065.897308381, 22.176482628521047, 7017.325566495938, -5695.570979332541, 5816.17618124781]
4, 75, 197703.35276735373, [6977178.28071769, 21.91698668378093, 6944.514143014263, -7046.807024773618, 4988.578392077753]
4, 76, 199704.23263380563, [7238983.182685946, 21.55847354919, 7002.843051574501, -5968.434935750365, 4731.714448101381]
4, 77, 203501.66835590752, [7052318.429851525, 24.325034404131124, 6975.252631874411, -4126.898165370507, 5026.61718478795]
4, 78, 204528.7672170496, [7009296.646739693, 34.67785704696502, 6778.931511248619, -7546.415029569278, 4914.213620387629]
4, 79, 204749.0986850797, [7198447.086446542, 27.81567712054195, 6920.222722896978, -6031.780028399237, 5441.99021340824]
4, 80, 204886.22767929386, [7129408.342081241, 20.43802181140378, 6966.170835321353, -4757.840381844751, 5115.805213363852]
4, 81, 205965.89783802556, [6971353.153161963, 33.09334866701998, 6910.259935198153, -6216.812107646298, 4915.249570719467]
4, 82, 207143.85621093793, [7393543.761900748, 14.951194029894634, 6884.058487164141, -5508.670876721272, 4652.430270483051]
4, 83, 212032.93666242532, [6999230.959516755, 21.717299358058362, 6923.592600740271, -5655.237069913985, 5060.701438049514]
4, 84, 214849.28553395075, [6975760.554736867, 33.0194627774014, 6994.995751875352, -4995.865582707386, 4987.301425880675]
4, 85, 214974.5869799654, [6875355.546169335, 27.63797719165944, 6728.148363591187, -7747.013009581942, 4984.657272399271]
4, 86, 219339.92371139265, [7079099.123268377, 34.81048849460051, 6792.567586464757, -6193.455836782514, 4885.211553295464]
4, 87, 220728.33576995184, [6902225.641396009, 19.180385696060124, 7127.5540696577655, -7743.727619273063, 4958.6885297450535]
4, 88, 223177.1909291073, [7074759.9927214915, 18.340568372570043, 7151.117479814072, -7982.248693963417, 4927.826119942881]
4, 89, 224176.24742791516, [7204432.03555147, 21.243857584953695, 6649.170440378932, -3844.3071031166182, 4905.9631148593035]
4, 90, 232411.7300367501, [7356319.4578528805, 21.791255288868463, 6105.190692436556, -955.1203000425178, 4639.382476203783]
4, 91, 241225.75183435256, [6997304.747388527, 17.40009825173013, 6140.3294511252, -7702.316631382739, 5082.881146480448]
4, 92, 245475.8630303764, [7095152.908250947, 28.637893487031796, 6148.264490062975, -4837.3008430353, 5489.988647950222]
4, 93, 537659.8055930834, [7376362.390171991, 22.675756234062558, 7367.467992850638, -5451.342035232156, 5116.521634144453]
4, 94, 538235.5443576965, [7285455.784671358, 17.582961659894416, 7403.187203485477, -5716.588408265711, 5136.203059878136]
4, 95, 538720.5128451362, [6976660.120355471, 19.009970624931725, 7357.911939995716, -7463.343176158037, 5265.772288166304]
4, 96, 539749.1973118822, [7168646.236776948, 22.300401107007048, 7282.837943640849, -5234.452511735585, 5130.062871819875]
4, 97, 543982.7499623218, [7204310.6681777295, 20.8726257770894, 7042.233320367997, -5597.391089757369, 4918.019831452015]
4, 98, 544406.7275569506, [7012925.384315141, 25.241401911729138, 7363.819346014095, -2841.727295797083, 5003.179678449502]
4, 99, 545644.5166955492, [6752922.97994042, 21.062353306973122, 7657.196296028527, -6015.470226914689, 5086.471632579129]
5, 0, -90554.95094916034, [7215524.111088476, 22.5445323485121, 7481.74251169801, -5373.1928212303665, 5144.807391817639]
5, 1, -76136.63195336072, [7397085.47998155, 17.539989293251253, 7502.051309688401, -4974.777876083789, 5029.237912671768]
5, 2, -41270.224513075955, [7601118.296135843, 26.304950509287252, 7377.210486023898, -5676.43511696262, 5288.553488277162]
5, 3, -15263.14556899924, [6698922.652490523, 18.10681601102082, 7655.490330746172, -5295.610330024653, 5136.542222196724]
5, 4, -11512.450806647372, [6884082.703896229, 18.92289242089747, 7631.619817119815, -4823.578943163393, 5279.085520718397]
5, 5, -10175.023507132171, [7320281.710089832, 16.50934856948266, 7377.2255402145865, -5855.434711406762, 4852.8185036939785]
5, 6, 7115.758306303822, [7338746.099299684, 20.0817385111744, 7368.634583160541, -5828.306043129094, 5046.661888809963]
5, 7, 12414.266598080976, [7345557.440157854, 25.779112633970918, 7805.2170894656565, -4897.996130713609, 4969.107647722549]
5, 8, 17113.768862824905, [7021543.848902987, 17.184095159684446, 7648.178328527967, -5056.4908999700965, 5160.073509085605]
5, 9, 18295.061998411784, [6759001.790407921, 21.293169222260286, 7726.261972169885, -5177.520946341985, 5293.890548778701]
5, 10, 20219.396544729105, [7548147.933714369, 24.386464755620313, 7638.059062503439, -5256.081400472161, 5412.531056618963]
5, 11, 24524.812678176015, [7244117.470641098, 18.54799155779709, 7614.391002278084, -4910.468280517636, 5129.079534348617]
5, 12, 25923.82702076003, [7410491.170222836, 16.77882051631568, 7431.468265124191, -5840.408950225327, 4893.17717003536]
5, 13, 28225.05178881067, [7179384.250017706, 35.973601035206535, 7914.192260773053, -5738.3859441708755, 5405.213860068689]
5, 14, 29224.418602041616, [7204468.08465293, 24.79402021988934, 7609.600305537966, -5253.254069450907, 5491.7017040138735]
5, 15, 32704.86361177266, [7205504.489677773, 21.69022646343965, 7486.770024853871, -4692.685699901195, 4942.748329181208]
5, 16, 32751.186638255604, [6759602.695069073, 18.1505381726273, 7743.546518734565, -4828.251035363899, 5150.351859460902]
5, 17, 33843.97676923418, [7204211.156868601, 22.31515567678814, 7408.774515170402, -6207.104684535527, 4944.223019174183]
5, 18, 46368.65205261583, [7314221.228550624, 18.502476097809048, 7839.692641661386, -5833.329776338551, 5268.486179244207]
5, 19, 46730.25367476554, [6871657.592394755, 18.42107772080257, 7780.688448151792, -5685.369233190055, 5143.535713413612]
5, 20, 47131.41224276931, [7343974.053388203, 18.385263846968012, 7654.140264253745, -4786.0966808254225, 5281.3571899240715]
5, 21, 53554.485621805215, [7374934.41950464, 18.44505572407058, 7306.508012425011, -6184.577138930446, 4849.149256006915]
5, 22, 56477.2452828813, [7539911.361781414, 29.771547107878682, 7772.92725026662, -6113.402212478101, 5349.121889992371]
5, 23, 57132.091203724194, [7583675.47794536, 24.188185053092322, 7763.7873916148765, -4965.213085490894, 5629.183663975956]
5, 24, 59619.57952639508, [7004102.637222439, 21.933317941582693, 7777.937959338423, -4704.176959085319, 5368.820062508025]
5, 25, 60780.669351596705, [7180093.965843859, 24.607111933667582, 7894.370926487845, -5799.295257646021, 4981.1176208295055]
5, 26, 62668.08311549635, [7234107.560173034, 19.77934355211118, 7678.4633155896045, -6107.168912369097, 5333.963142250652]
5, 27, 67783.43133940313, [7273997.083761154, 34.690372491670786, 7683.589548503911, -4768.990811390861, 5535.78747422521]
5, 28, 68754.30496544197, [7269846.367750568, 21.48114032119843, 7625.875029580789, -6043.057261013492, 5269.605900492883]
5, 29, 69267.46754547757, [7159968.947603155, 15.436413574840138, 7382.694393571574, -5750.338365706912, 4989.197305311932]
5, 30, 70568.95780014296, [7302975.80644585, 21.944196188329972, 7766.1802781547685, -6041.548072003841, 5141.793519274596]
5, 31, 71637.27585043109, [7582255.7213289, 24.137831884308202, 7763.121733454043, -4775.641736119981, 5662.248548502088]
5, 32, 77018.4263287053, [7276837.79961944, 15.773976906546043, 7335.974201363367, -6057.939516316354, 5255.305974695249]
5, 33, 82614.97638953975, [7211003.671656542, 27.503331548804095, 7379.712827696554, -5348.660804144358, 5050.101112844114]
5, 34, 83089.27076487738, [7196730.090458125, 24.73483202220475, 7431.1931522773075, -4542.770229747158, 5192.047876540402]
5, 35, 83264.7354300412, [7576821.397703461, 27.725544048172587, 7847.127371543862, -6461.341322257332, 5279.831559164739]
5, 36, 84274.38353790002, [7128149.287441033, 15.188715104067352, 7428.7319897467, -5987.724162172558, 4997.083651298442]
5, 37, 85823.37654516585, [7270910.03954312, 22.08069538452799, 7408.453746548098, -5925.250058610538, 5142.5745883037225]
5, 38, 87397.28676055121, [7207434.318368173, 20.4950648241979, 7333.652448953777, -4751.336268374301, 5131.629653225979]
5, 39, 92006.20380567193, [7310509.52215326, 16.32098365884874, 7280.75646022232, -6220.595535248142, 4888.059228886793]
5, 40, 93972.5559028111, [7327159.425832665, 20.873197433724783, 7367.994797341248, -5402.548840779318, 5421.092239778639]
5, 41, 104438.90760048697, [7210994.302848647, 25.494825937964272, 7444.295329296915, -5350.3368905817, 5092.06878368469]
5, 42, 104489.66444293542, [7310107.389190329, 17.224380832442073, 7617.768039685459, -5190.458937168051, 5113.133989315053]
5, 43, 105414.28562784851, [7177763.916206995, 20.334155589530205, 7360.901363113221, -5528.976054307283, 5001.409532566955]
5, 44, 106262.36667186597, [7184848.015482629, 22.022308092849556, 7222.0653224424605, -7299.736676762943, 4908.205025036741]
5, 45, 107047.2042158777, [7094207.392760591, 16.332596261267568, 7357.797999252282, -4785.3374462977845, 4964.618774544041]
5, 46, 111159.5213364363, [7185472.033658988, 22.85045858537776, 8041.658380143246, -6720.306871967499, 5059.952126569545]
5, 47, 113912.59783245921, [7040921.313712934, 23.50751314169516, 7363.658307957982, -6135.663738581459, 5234.0852212004065]
5, 48, 115487.1627332018, [6996710.485844464, 25.591256008257368, 7612.829566742661, -5591.2333408512695, 5312.127157939129]
5, 49, 116158.30769888917, [7303696.327313178, 18.55400896645606, 7569.61907652435, -4955.043278577098, 5173.530197897539]
5, 50, 118180.75497409042, [7033787.0310300095, 17.998410196017105, 7427.056818262252, -5146.987064532288, 5072.066552486279]
5, 51, 122070.29812127126, [6989207.427967424, 17.93616548601783, 8085.351469906753, -7291.4747580786825, 5480.453713737526]
5, 52, 122893.1152929158, [7311717.759112093, 22.189573057750614, 7346.326543204594, -5322.01436870197, 5032.410670744296]
5, 53, 123227.45800640239, [7181122.1443493385, 34.7418735736018, 7312.979721278897, -6050.302832337467, 5218.663339386316]
5, 54, 127829.2398182044, [7243830.075146509, 25.3507534616741, 7274.322212218857, -4700.047491480363, 5194.960125033296]
5, 55, 129496.0831319303, [7360417.28179521, 25.836462911819375, 7246.372728329134, -6327.027098308141, 5580.955209713029]
5, 56, 130071.02133292054, [7127776.097217445, 17.67935350533257, 7343.344791907365, -5300.017565067383, 5232.6575162243935]
5, 57, 131321.25592332138, [7404396.163505833, 20.38833761010981, 7890.102377297847, -6960.409546038841, 4988.2036190176]
5, 58, 131333.1291018062, [7404396.163505833, 20.38833761010981, 7890.102377297847, -6960.623262753715, 4988.2036190176]
5, 59, 133829.51090576677, [7208105.848957206, 27.38930116531472, 7308.548271692208, -5302.176034786943, 4966.390027476626]
5, 60, 134475.54186530632, [7206632.493054853, 22.254898835810145, 7352.163294863274, -5397.173775730809, 5026.67350156233]
5, 61, 135290.8475766532, [7279829.382626629, 20.0756757299198, 7542.666978019184, -6955.893275139267, 5171.67827826752]
5, 62, 136650.96290430008, [7188162.365604248, 22.724548632533843, 7273.244300953849, -6268.3371967749235, 5603.554449500354]
5, 63, 137069.1015735124, [7203905.208640761, 20.88307905319813, 7331.654180684235, -5525.534819168665, 5198.786150517344]
5, 64, 138721.2875020317, [7208105.848957206, 27.92323962526648, 7308.548271692208, -5302.423321176744, 4965.391262683906]
5, 65, 139168.55667297685, [7172968.147226444, 32.17446156903952, 7297.199745958099, -6148.1741796340075, 5228.937951871996]
5, 66, 139505.12842959902, [7105187.099303683, 17.070277934169027, 7327.281911121837, -5313.997909516528, 5233.470685255787]
5, 67, 143232.04006847992, [7246959.155410209, 21.761470446681024, 7282.425810444538, -6012.953770014269, 5917.198090848516]
5, 68, 144119.72765536292, [7111260.107710159, 31.76669848897217, 7241.721510863538, -5695.057442614359, 4957.418746045268]
5, 69, 144215.74358242305, [7152511.558320476, 20.13791212761205, 7249.896641111758, -5199.727576840587, 5466.978845017303]
5, 70, 149213.35459347942, [7075686.481930602, 13.263761037894618, 7346.714656303895, -5204.559201921373, 4931.456668184515]
5, 71, 151017.23289466067, [7167487.593602513, 13.718001252554808, 8183.073457061883, -2881.9459914119298, 5337.6428424633505]
5, 72, 154415.53287099657, [7495237.296640836, 16.34948704512647, 7133.561255452176, -5299.840443267977, 5047.390643108454]
5, 73, 156011.2722114006, [7059849.681357598, 29.121733711419637, 7139.821063135185, -6233.999546089016, 4863.033268161586]
5, 74, 158252.37698364293, [6600083.05658436, 21.12757250486894, 7373.970228662221, -4820.973328201114, 5218.838984520547]
5, 75, 158360.10027488685, [7351470.413930813, 35.211003246214695, 7112.469809659024, -6789.051602456544, 5205.364969491205]
5, 76, 159438.93366658958, [6884532.2364175, 21.433128946456748, 7315.858539107296, -6122.2171427158855, 5245.625367949741]
5, 77, 160455.94084795276, [7015094.944640233, 22.38294206316355, 7256.617655771733, -4124.733144991466, 5278.150578818266]
5, 78, 161743.22718212998, [6930808.976467184, 25.652803327804616, 6957.650164322203, -7545.114815004595, 4980.386960091705]
5, 79, 171834.0636056777, [7344702.412061945, 15.571442240843528, 7077.166571187674, -5967.754690669664, 4952.198052904958]
5, 80, 172686.15456921354, [6963407.712682066, 24.990794513329035, 6894.054780218651, -7529.794004623458, 4978.524435819332]
5, 81, 174243.73758812013, [7210748.421384572, 21.324350483577405, 7050.336987365823, -6810.164196432694, 5116.195404918816]
5, 82, 176525.25314307606, [7082406.160426955, 22.748488782302168, 7134.6550884646695, -5529.6713748329175, 5859.123274447818]
5, 83, 177559.29710652266, [7043727.740183838, 13.542150757874648, 7174.58688766976, -5502.893035909142, 5483.146455277389]
5, 84, 177756.24399870247, [7095882.072257389, 22.751678644284134, 7124.605065411609, -6058.6737095484805, 4853.700888408509]
5, 85, 178868.65992345897, [7045970.862905559, 19.076629198696153, 7698.986218035868, -7566.866288951253, 4977.857422350195]
5, 86, 180268.7022517507, [7265589.181473856, 25.886029369612817, 7120.247137846262, -5043.065956323107, 5075.625303052459]
5, 87, 183888.73595494137, [7207481.964810686, 22.143111377311108, 7172.211986906006, -4352.737268435912, 4917.626787952511]
5, 88, 184308.70095503062, [6922911.448833647, 20.029197009292456, 7494.860315939815, -7650.549886673191, 5280.4869100764]
5, 89, 185982.7231687824, [7058498.548980409, 16.34074678855173, 7145.193000935554, -5464.237029557147, 5360.215451642237]
5, 90, 187523.19504116714, [7135869.488386729, 23.662193350869728, 7031.245720947625, -6554.437693055211, 5619.9967252723045]
5, 91, 187848.4962597545, [7024384.734334153, 17.756721490013273, 7166.249375058352, -5650.056711221294, 4907.860080133511]
5, 92, 192249.59885431256, [7299544.147373107, 15.844693906330445, 7106.648747848403, -5427.456307752049, 5318.515407193213]
5, 93, 196039.83693602646, [6927920.409150586, 33.130793024857645, 7341.4572414820095, -7525.8893051264, 4956.146088181038]
5, 94, 200959.68771941072, [7169764.85383948, 26.745826314552055, 7001.241342215048, -6178.955039909012, 5358.855027014187]
5, 95, 209336.93460707206, [7094979.125649175, 21.711005768548794, 6977.273091680117, -4429.7779598381385, 5145.339536428745]
5, 96, 221245.3564450355, [7033469.440287757, 27.21853207200138, 7146.799809798047, -7952.48148868453, 4947.5143591077895]
5, 97, 241915.52932930234, [7088233.691006219, 25.112787328728533, 6337.233603650342, -4802.544360763557, 5187.831996583373]
5, 98, 534310.0671992949, [7149003.364808591, 20.714379883918674, 7683.464535178827, -6115.360927174149, 5348.933803618937]
5, 99, 539352.3314655038, [7266028.203741259, 19.526081224464832, 8140.900356578041, -7012.894425517293, 5098.574007337019]
